ID,Feature1,Feature2
1,26.241785382528082,29.654339247072038
2,26.61922134525173,33.80757464102006
3,24.41461656319166,29.41465760762705
4,28.948032038768478,31.918586822882272
5,23.82631403516262,31.356400108964912
6,23.841455767968846,28.835675616074358
7,25.604905678915085,25.216799388355504
8,20.687705418717417,28.594281176897567
9,22.46792219916394,30.785618331488184
10,22.72993981119697,26.46924074666177
11,28.664121922303885,29.43555924878366
12,25.168820511719808,26.43812953446636
13,23.639043188687044,30.277306474274667
14,22.122516056444244,30.93924504586418
15,23.49840327520299,29.27076562551681
16,23.495733469426508,34.630695461272346
17,24.966256938155166,27.35572267761025
18,27.05636228025797,26.947890875072446
19,25.52215898751189,25.100824690300563
20,21.679534877753923,30.492153089672808
21,26.846166449988527,30.428420702974925
22,24.7108792940294,29.247240761026777
23,21.30369502408143,28.20038947901323
24,23.848403072600533,32.64280556554729
25,25.859045723921152,25.592399611593166
26,25.810209923486987,29.03729429895921
27,23.307694999235103,31.529190722102168
28,27.577498806239877,32.328200297790495
29,22.901956191943405,29.226969060371964
30,25.82815857850891,32.4388628178059
31,23.802064405386776,29.53585255834046
32,22.234162564984928,27.009483439798323
33,27.031314555985496,33.39060007142706
34,24.819974696049165,32.50883224473006
35,25.904090062619087,28.387200613487188
36,25.903489013771036,33.84509141616492
37,24.91043490222512,33.91160913953502
38,18.450637239775638,32.054756260938056
39,25.217617670595427,29.25248162383533
40,25.229401941338757,25.03107771349777
41,24.45082028040622,30.892781428779365
42,28.69473511185379,28.70432445431588
43,22.97876599276703,28.745607391038657
44,27.288505294255184,30.82187777414921
45,23.675599490582403,31.28316858278339
46,25.2426938733701,32.42161247633222
47,23.24486726530662,29.18084463350558
48,24.019729617169606,26.341212629669705
49,25.74030069266144,30.652638180449724
50,25.012783641606152,29.41353216656213
51,21.461573144873963,28.948386693086604
52,24.143213708683078,27.99430682694595
53,24.596785720834976,31.010127142036346
54,29.715464753026325,30.436444532079598
55,25.64387597680691,29.813885210584584
56,20.203071961752396,29.933715311376957
57,25.150575524852567,36.15810528121322
58,24.519097588047195,30.75386835583403
59,24.91322057573689,27.07830490595117
60,27.85705703628755,31.879832581716936
61,26.977579867607616,27.72653136301315
62,28.506985777340248,26.495372343019298
63,26.467142734500676,35.47613906452494
64,22.52365918717328,28.58425567599307
65,25.249128412719102,28.7413108647095
66,21.12334142233467,30.17140743701507
67,22.344240715684737,31.183981076587955
68,22.701439414415493,33.87483601254385
69,23.04186676915941,29.19484620948581
70,27.033793043424176,26.92283920891511
71,25.568649836510325,33.26785688570607
72,20.98129191359693,30.46158464633076
73,25.64970698562106,31.954557179443277
74,21.907623222804794,26.69885846728931
75,26.304853914042244,30.742461683082965
76,25.626232125864693,30.86612052374244
77,23.299938196053773,30.58063424290251
78,25.732681183246704,28.21412145493408
79,29.664436277861892,31.18458230227947
80,22.02174125699338,31.641384021584575
81,22.563295824431698,31.96771150935613
82,27.89648894751851,27.948294204120725
83,27.408440323110803,31.031952317341247
84,27.055150399986225,34.74198245663487
85,24.386529709992825,28.115659589106276
86,22.77621392593619,27.960474287586404
87,24.80724572646474,30.85287993704161
88,25.69172699832505,32.067958122590056
89,25.032504729694768,33.633835192893294
90,24.33835791690511,36.80042291647405
91,26.564168369412517,27.857106108959293
92,22.322768754847218,31.206181038107964
93,24.441343036685375,31.78500123523023
94,26.183094061433863,29.81792771835782
95,22.88301570482899,26.21288193828534
96,23.883712619832448,32.140996985808684
97,25.53523436032551,26.88565305322003
98,25.432952314627954,30.96329344932209
99,22.790356409497168,30.384312764863818
100,25.145521796115,27.14257425542344
101,25.894468400870707,31.401961315920587
102,27.70762810793819,32.634505130087256
103,21.555826580107272,27.655437400212193
104,26.28758816802165,31.284464877280524
105,26.28761921576512,39.631828726636805
106,26.427226276732917,32.8389141004515
107,27.385004408733007,31.628478128264494
108,24.211826888399138,31.89742305123317
109,23.06793696365607,29.407953483149978
110,23.78659113042724,30.204685348465805
111,30.786646416683773,25.33183701852063
112,26.715650475936283,25.96821032202587
113,23.820170335526416,32.72237649241841
114,25.160700047738658,27.305638055176736
115,23.21174072685008,31.69899437233669
116,23.17408342070716,30.54114647395494
117,25.113929599759533,28.370999130985457
118,30.359860223313312,31.584797555795028
119,19.937143533355982,30.46613578692357
120,23.34553383807903,32.13108333699056
121,23.018698153918248,29.713158896332754
122,26.262468197451142,32.16438798542531
123,21.99925898236056,29.163746910397627
124,23.812636722097608,28.36667691856572
125,29.41363560070274,31.012454277402387
126,21.847790114162386,32.29465486763694
127,30.305390492531583,32.581163151377865
128,21.201575085114968,28.78941481783437
129,28.167277872966558,28.230826335953047
130,26.109548570365572,31.93658513357334
131,22.68267382105479,29.8511866098455
132,16.89683164982732,27.439030896664274
133,24.3685796215171,26.880542045087875
134,29.08102825982909,26.42464655509842
135,23.89988878325754,30.32685144321523
136,28.60318322266529,26.4103446220514
137,27.907909380387398,30.025582652548966
138,22.54622837238012,31.155258685658175
139,25.497649238933676,28.499457807103013
140,25.174505212475047,29.036716007845598
141,25.28379336312812,31.655326686302615
142,28.96504204036338,26.905461252932877
143,30.332583436640668,25.119780501193745
144,24.62053726241104,31.47079301621144
145,25.70247966933758,28.443251200448515
146,24.479694374106813,28.76749766335292
147,23.526588107639473,32.12400524255256
148,25.892538714912618,28.267726011848364
149,27.248999688583126,30.768248802191522
150,27.0321552970974,31.57407210480903
151,22.92751247269482,28.599547399507575
152,26.868234012808156,31.525925663583664
153,24.94774601508963,30.293318458271955
154,28.194162239471062,28.521071527910426
155,26.367743452925094,29.494518368915266
156,24.455796991931948,32.74694212996798
157,27.063540872470075,32.03377409000159
158,28.26369701788582,30.052509604081898
159,26.70488242823741,29.22433310851636
160,25.810415881221104,29.67464236408079
161,25.242489912481794,31.487892563592283
162,22.954448291916318,35.23096818921365
163,22.484956546250746,26.96452846803067
164,27.89527718375017,31.97915673490734
165,26.56029954263039,31.5708637731607
166,24.969383067882713,27.75686407128542
167,25.189511395484317,28.30709572121972
168,27.437799333544376,29.632356546244655
169,22.93625700801872,29.196535395867517
170,26.032328635689062,28.590688617990065
171,22.944449011083922,30.60921802872978
172,25.612416427771805,28.732642061572175
173,23.822404235954192,30.580124843394092
174,21.37978914625669,26.481340564058613
175,23.20388944686891,29.466382120720382
176,25.777268913995012,33.68839054237388
177,27.14414905800505,29.600153675091434
178,24.952459480243277,27.493676588405478
179,24.953717160019025,29.278353402699654
180,25.806796400845222,27.931922641119193
181,26.29836628560293,33.831847282506445
182,24.728099628857855,31.004279305247355
183,26.72535997927778,28.99694882028541
184,25.56023120452604,30.031481001954486
185,25.244190246372078,28.067475540361333
186,25.061275435647357,31.244995728113626
187,28.627859019487605,32.39817706521302
188,30.38295614377889,28.081631092779876
189,27.180801591801696,30.45835501434588
190,30.47450733304418,27.97925428661212
191,22.90069539454806,28.501518386389943
192,19.690260689225482,28.685612445798096
193,23.102168346115754,30.37598446619052
194,25.8543899394429,34.69042709803971
195,27.376059595465126,28.557740860843992
196,22.753963321629104,31.229797928766263
197,21.699416982448394,34.57864691463588
198,27.948600301803218,28.827060869738236
199,20.717163677272808,33.384680935413535
200,24.713650386868455,33.09454077993365
201,21.01393085301408,28.50156244261557
202,25.013109249295457,30.117451484411855
203,23.874836321301892,31.557124830868748
204,22.330948926543513,29.644051287446768
205,25.300739079279747,31.28609708514687
206,26.779037195222223,27.188394770405328
207,21.164714573160943,33.194192054746274
208,25.83078502994898,28.128783658608615
209,28.87787993880631,30.289186585732146
210,27.948242960159565,30.16879620352527
211,30.151869812204968,34.38835210610801
212,24.377589628802316,32.42892737738589
213,26.613439873962868,33.42157889383087
214,22.58769134854974,31.7151286499961
215,27.646061217123968,25.603151283942214
216,22.041853718335563,24.901919555599747
217,24.326482913888604,31.793855639489905
218,28.75589263024007,30.185236951049436
219,29.07153886392823,26.549746354462773
220,20.74154390161211,29.861130752758452
221,25.96016362234827,29.918263129764767
222,19.83139474990031,29.77719990121803
223,21.738826248737865,31.674181372075097
224,25.91649561524212,27.65030053418161
225,23.715332706658266,27.351966195277623
226,24.843302256817072,32.387855801253096
227,22.535684884161142,31.26011628879461
228,23.674355954068897,28.01781791934414
229,24.732424100113604,27.411894193951564
230,23.615876736632046,27.005305268527877
231,29.911812832290973,30.08815887992932
232,23.250686230018538,30.534949776835553
233,24.719179875772927,29.447576001166944
234,26.535416750108563,31.893769275118263
235,23.67374713097368,28.5604543983883
236,24.31237075712089,24.24519708816104
237,21.21202234450362,33.41718566861131
238,29.11241928375321,29.377409901109054
239,26.441392407639416,30.77812538635884
240,32.6972020211381,32.79893727858644
241,24.680206021298083,27.611148898498936
242,20.98388419935607,30.508659089668058
243,23.109123136789243,26.444365726005813
244,23.383567789393684,27.296129990964012
245,29.21785408768141,32.20409939237363
246,24.980068396708457,33.69986034722506
247,25.193420769119047,27.846789496679342
248,28.80781019317414,31.347275109211648
249,22.40688461418386,29.52415330479098
250,22.810954366538105,26.54300067258916
251,27.315443868829103,34.773541601175324
252,21.503581065452146,31.40742309172643
253,23.373393577195433,28.78218654058826
254,23.51901518940283,27.84002307580046
255,25.121304069862067,27.922624708972407
256,25.676142064449596,29.874404726377158
257,24.402629882833974,27.731090844896006
258,23.558071673579168,31.88847806456439
259,26.252292969060953,27.55611188800362
260,25.248330763573065,31.878467808429473
261,20.826486797196573,31.358400480949836
262,23.343440602635383,31.426496671482898
263,23.091852108643707,25.4877947483387
264,20.931143905292092,30.120212366653455
265,25.649306254303706,27.73920843723898
266,26.596481146943436,25.8461998443276
267,24.834800503381707,26.972459500593857
268,23.3704097304946,30.118496678291034
269,22.84896658679012,29.038611139425438
270,27.5157320230361,28.557770326192127
271,27.089230280162855,27.175732863355954
272,26.324510444788206,33.60392155164475
273,18.820888749681778,28.007761861323807
274,26.44268031795135,29.492386534892518
275,25.92786468342827,28.49003703321045
276,25.21647446868225,29.610806911519802
277,27.919455154149517,30.636052108253033
278,25.844006655188004,28.97030758469383
279,23.780984439818766,28.91860453045095
280,25.986130355945743,28.947538797949342
281,25.724437142241033,35.188501996613596
282,27.17781175857923,29.184941169580398
283,28.00303480540986,28.97981156744612
284,19.904688662055364,27.47978422270649
285,20.323020197435362,29.12121628989673
286,25.04604594797388,34.19109328068821
287,25.817318434410407,29.45224867797784
288,27.073513952958724,24.472161727480287
289,25.589036395271414,31.927162984717416
290,21.303534385550396,32.85938510801732
291,25.846241018736034,28.961780215247998
292,26.581954665265712,35.67673214451099
293,25.454665637646237,30.62055146575084
294,23.85159775114939,27.87538907633802
295,27.075839541360615,27.859790435227833
296,25.17891559304848,28.805856383087207
297,26.19744956436598,30.834155263217372
298,27.59384986064475,28.724959002863134
299,24.32531266176657,27.553090710544232
300,23.889266849809722,30.94325123261213
301,62.270965849936054,67.23350402746712
302,62.60881776031698,74.06691357641485
303,61.2403047096711,75.6303874376742
304,57.67863240268928,66.26603589006575
305,54.663839253287165,74.48813293446754
306,61.96309696906217,69.83324598726864
307,60.83990587895946,66.62353285810487
308,67.33725593885048,70.38766354592568
309,60.32818438381468,72.17729987169608
310,61.44302769521014,70.67165207283739
311,57.62857663366407,71.41440507140798
312,65.6460734894251,74.03626013846494
313,64.7795598799182,68.46635297070644
314,57.03118553922426,69.62263923970106
315,60.16717473686608,73.28257455541285
316,54.92260611085554,74.58865095838183
317,59.52597630426303,68.71935679015775
318,56.9636868742195,65.0354299844027
319,62.46951175188575,70.2199539015652
320,56.13011730077684,66.11476368380914
321,58.99264590212962,75.00706457586818
322,59.22122594590918,65.49057114064568
323,59.262770807742164,69.181829290757
324,51.909340071175286,69.83711540044656
325,59.307196409373965,72.08861909444026
326,65.54686828483604,73.37969508864327
327,59.193333928335505,66.680422273775
328,67.72007940974959,70.17765530204346
329,60.04178787573884,69.92762473866999
330,60.59425428230357,69.56691876422818
331,58.27901397935929,68.35942317627882
332,59.901740189352005,68.3697256865987
333,57.86146265196851,70.31929068307569
334,59.23506834773743,74.51197896574807
335,52.04709057482096,73.27452055576738
336,63.738255577492886,63.77982930277555
337,58.971937217758956,68.88567740201263
338,55.77746491584654,67.66654993722737
339,56.66827246360251,75.25681133027086
340,62.80703517944238,73.81466528498248
341,62.165016192129706,66.61284468634831
342,58.426439201160676,71.46812368368376
343,56.333616573324164,72.13899529051716
344,59.2790238055256,68.87553757735121
345,62.132879904610476,71.33278993445812
346,58.917101502542764,73.47798941009275
347,56.75681001720031,71.84780682083279
348,61.77930377390515,69.07136068205803
349,60.978399066726354,66.24665927084409
350,62.7720810576207,69.44529359067103
351,58.43183093844288,73.14702767751066
352,57.88696892837172,65.77461611090932
353,55.33011247942829,71.81802985403692
354,56.158711942511154,75.2643825459531
355,53.75421177634883,75.08936910487012
356,60.633052401607856,69.70986066438883
357,58.36524273957315,71.19740834305621
358,59.887095892725455,73.30990564604957
359,60.34268294598612,70.45090528438563
360,58.90916336335843,69.8291631288368
361,60.92340530667618,64.86949482203012
362,55.95544373368286,72.22979228206815
363,60.51259631438383,69.44804999094197
364,60.05530179919618,71.04274511608502
365,58.380720959071915,67.66508582379306
366,60.58753576529305,67.0648816671549
367,61.224758267143415,64.89224918728648
368,63.08746691197693,71.41779244723912
369,60.768089202941624,72.94807295183654
370,64.99642333338772,73.0431101950544
371,54.47737730600507,66.16126909979289
372,58.12554426691296,70.0782731506325
373,61.55297706140737,67.8227685605396
374,60.56030029343123,67.73385120294003
375,58.16544659102416,65.78001670945534
376,57.23030026166729,65.944946183151
377,57.072380241068004,73.16092538982352
378,57.15180333350417,77.89714619451217
379,61.47995370264267,70.55450837108462
380,57.42492665945636,72.10092963822697
381,58.27308652128668,70.36602944393609
382,67.68025361480639,69.71182030082605
383,63.44781997885703,67.89047072462233
384,59.895034528509115,75.31240190690653
385,58.1190988266367,75.43734567399079
386,62.12325580636643,68.31259967231719
387,61.89722321716656,72.91766334888018
388,61.86542988665159,65.28932584032863
389,57.81858847252539,69.25744409334548
390,59.77669971269986,71.86201629265203
391,60.53310300279976,65.99396692386969
392,61.14059355301789,71.83175723585147
393,61.67937134379312,73.24234217666387
394,62.50176646364671,71.37754023768531
395,59.78950286562406,65.01711719945203
396,61.288854657397756,70.62306306148933
397,60.81473651158612,66.16975427253907
398,56.75683037877521,73.15945855999871
399,59.88133453843003,72.04450209211787
400,60.084955128391385,70.08926841848724
401,62.81485141792799,68.45186581534787
402,60.28836233082295,68.61317413388487
403,58.696511317703056,69.07248362959407
404,60.66640131490114,68.56375413500957
405,63.767268376720565,67.31617809334149
406,59.43938506751592,68.68080682517747
407,64.3409336530612,70.58966432953473
408,63.0955336184059,65.54331888088909
409,60.801150797607775,72.66889238687031
410,60.246851967826274,73.19644112519606
411,58.448134649698886,74.22804232055674
412,66.89669437085774,68.91148431868102
413,58.663492435797686,74.3601534313531
414,64.73871643719214,68.4314199185402
415,58.739439548712426,69.15464617341848
416,55.96664846689717,67.2440441605474
417,56.987577699743795,67.69660730468762
418,59.895945337839656,70.70264419760956
419,64.65150147844223,67.00493787778363
420,62.95296719542975,69.35803346732348
421,59.8516088710427,72.02445847649982
422,56.631833935313104,71.14722923855216
423,60.49935662463917,71.47735379202445
424,60.86750593172346,77.36590041973268
425,58.08678004724605,68.40700913499455
426,58.130578420725705,68.33356864251924
427,58.08783861808045,73.56704959332265
428,64.26151274396956,68.28776111875158
429,57.502933280687316,71.41424666915921
430,58.343330867157086,71.89879545326653
431,60.6087690625539,65.4527676550083
432,64.64251560399019,75.38763301928657
433,58.16163392854684,68.83689532019204
434,60.857596172174716,71.00337036996108
435,61.97563281801849,76.03061361629905
436,59.46915831751785,67.60510826638463
437,55.862042315956415,67.80720988017424
438,59.90061908137861,75.38367359055336
439,58.44716610289149,70.67136385491669
440,59.950731311781745,73.56517982034426
441,67.58079727762086,68.40739368123904
442,58.53168167244533,73.13248263120721
443,62.045674468878936,75.5401219772081
444,61.75178455597789,68.92212372763882
445,61.771964492076926,73.32611074174872
446,62.46144654359209,71.52182209332189
447,63.20002406876746,73.50788677133701
448,64.14647697311258,71.94612966276893
449,59.49864575904944,70.44014105929998
450,63.61952689952507,67.5491929870383
451,61.1060199266187,68.81998356301791
452,60.086234468804456,73.8353555878219
453,60.57329720405971,70.13930964446844
454,55.92043157706024,72.23876069808166
455,61.93645254342323,76.48976416991638
456,59.076665295141,70.65745098299182
457,60.74815105113227,74.73235983929042
458,59.714113402839146,70.83706457731101
459,61.82368952914962,70.55982736946908
460,58.660699156348414,70.58226997869492
461,63.220895249579314,66.92045410176682
462,60.39890902244063,67.89963755518248
463,63.58513988677453,65.43043928564867
464,58.32323445818523,71.13163562519357
465,64.69657208770302,69.80274921678104
466,58.334401419920404,75.64347120832177
467,55.655958298751266,63.40358213013975
468,61.32004335016,68.49383732694217
469,56.93630154860786,72.12506934189805
470,60.731402141313595,68.30776410778981
471,56.159086803987314,72.61737198484043
472,61.950603533875984,69.70247240866185
473,65.53991098814299,66.78974570102154
474,55.42342448722579,67.92427579035626
475,59.86324195093351,70.73001834796807
476,59.27629182643101,71.05616618954289
477,56.245381727428665,74.33129381221978
478,59.75354646482229,73.35188749476438
479,61.028176039133115,71.37025965746135
480,61.70930184069661,71.34312568005194
481,61.92816827960263,73.9874575903973
482,60.58956350910441,72.12701127276554
483,59.73079291713832,74.32035164634841
484,57.97082309382219,75.40282129873245
485,59.87952614806697,65.70767469364586
486,60.38431324473237,67.95684502757535
487,62.52193064696617,68.04212806209283
488,58.66144970035566,64.3313778071634
489,58.64308104225277,62.72836202011313
490,55.24829152954283,72.28124396843289
491,62.357400475952495,71.2763726853549
492,57.09907157061236,69.85686593157406
493,59.9891923827283,66.52490593242237
494,64.51019490530145,72.63208687172701
495,59.33710747851101,70.08065751698359
496,60.62514842384266,63.87479539472713
497,59.25846785243821,67.9540472560066
498,56.99513997031525,69.15669912134213
499,65.39305958054857,71.92252858380103
500,58.28646303065161,71.71774834406848
501,64.198066309758,72.77390104873831
502,60.17889110976052,68.05918966688328
503,62.09466994084077,71.18045615626525
504,62.6855796600832,71.9055154050459
505,63.148658145958,68.3942943653183
506,63.952182196902974,70.5927988140772
507,66.2257826178758,67.93243654573129
508,65.20789140949574,70.59373235038794
509,58.04574598915666,68.54834249783704
510,59.03895807541704,71.27249783920576
511,61.5685064641065,68.27889998818426
512,59.92693622321705,76.42681107583559
513,65.18262951030214,71.3089710090221
514,60.1140104345046,70.36009398015479
515,61.84055391819125,66.93162230440478
516,59.227870387729965,64.99424777836722
517,61.197669367815834,71.94158781910822
518,58.55044061310188,74.7219602898701
519,56.322703010992974,65.60687535937053
520,60.67335545567992,73.14129490783647
521,65.0517830743736,68.62334721139318
522,63.236042500293884,69.88447459149788
523,59.482118100177544,72.65097981246002
524,61.95696863524026,65.27082352904725
525,64.42962104917768,74.14027406244236
526,58.12331189547141,71.18741060031223
527,61.48209055884821,70.78202129747172
528,58.34908453846374,67.98512989618584
529,59.923337787025666,73.51818705777809
530,61.630800463783295,68.88815700374168
531,62.31509613194503,61.454372138109775
532,63.44629710111631,64.7808586636657
533,58.912677175790606,66.64099031612157
534,56.11595557283728,73.48248036213556
535,58.596896396064324,71.03951164519215
536,59.85923826336245,71.43112248166936
537,60.23046567318077,66.15102332743429
538,62.98880045834142,68.51873025051606
539,55.33025430402075,68.71565451710227
540,64.50227937190293,72.55066522634048
541,58.95404359677642,68.95222688704472
542,59.03509484634785,76.23024395068252
543,61.14580635669466,71.29012494157321
544,63.09085036209552,70.71636747707954
545,59.22287356253789,69.41095045274507
546,59.78519622175781,69.88833329047047
547,62.18288863091094,70.1558376574219
548,62.19792023164674,69.75785025967426
549,60.23590557094827,64.00539794640368
550,62.748983024107446,71.03946542769398
551,62.994030329578955,61.311233865418934
552,66.26512411434219,69.58123111553448
553,63.324548450212546,66.8802822186234
554,61.83832171518771,66.83975331047903
555,58.12869311791258,75.74209406160035
556,59.42795279770996,70.65229861953917
557,62.610203192066265,71.48704566391781
558,60.45125671543073,71.09488300739868
559,67.21024675571482,69.82714360889925
560,60.6032971401449,73.15196318802283
561,63.31657779887395,73.56109091668114
562,61.91619066608755,66.57098526180854
563,64.9002945969033,66.56096382094394
564,60.9079063957171,67.73717244994192
565,59.80758496022102,70.98628723091043
566,60.96407164635082,71.26576226270585
567,64.84113380717594,71.36060290454193
568,59.267530094128055,72.89226150486508
569,63.568411466773924,66.31717655458903
570,61.79220020954958,72.10351822693269
571,59.10730948992003,74.12712043993486
572,59.54983323890242,70.37672936041463
573,59.480784527148394,70.0467371427444
574,56.711174739314394,65.67984735221711
575,64.78351518967492,67.45911595504502
576,57.02582295163108,63.539829659188854
577,58.083114756931494,66.0307306197775
578,64.9260454804091,73.0294512680279
579,57.93554896446683,76.75730741603293
580,62.94529646097478,69.02550584947413
581,52.50178285537928,76.87282771777222
582,55.83128259970921,65.06380375912933
583,63.06771129602892,77.31925721901781
584,64.15281845553156,71.69172736015707
585,61.78426302499586,72.56024667634092
586,62.276785769360295,70.84357427190812
587,60.312603311855625,69.81222061630143
588,57.73810623339997,69.15797476939967
589,54.92112955741384,69.70498111961575
590,57.03422667854725,66.6892320483527
591,60.539682453460436,74.1760068590338
592,62.75494981800694,65.28849818913046
593,57.03111559028899,72.82231356396464
594,57.05253781938507,69.32610055000893
595,61.65015629707366,67.0949666354091
596,60.316126518437876,65.99792351524539
597,58.19589706814636,70.9593458024276
598,55.221018799404995,71.3214242138812
599,59.94108660321996,71.65746986325145
600,60.671742402193985,74.09242128992153
601,85.35062860741414,23.797664484849292
602,85.34243300849039,26.521234481301885
603,85.13680819691197,25.11365673537087
604,83.03442327414109,23.143877430857344
605,81.07270523896086,29.89881488092343
606,81.5171829409044,23.05986544617146
607,82.98845965640625,27.505788255444436
608,84.17414090078232,28.493677803486456
609,83.11422625211716,25.781183654226645
610,82.66102825087268,31.006417557765488
611,81.67472442671736,25.867497988635677
612,86.77457526660987,26.158637472864196
613,84.48119455514242,24.636502040746407
614,85.12267212154151,24.588394395440233
615,87.69886152702574,31.189464404455784
616,83.43902300197807,21.16455165717858
617,84.75281026461649,32.223186145432095
618,82.74971120968475,29.589527055243387
619,89.69756227941403,23.449952923217616
620,86.59315262171877,29.559510544759906
621,83.93844232523503,24.429974991713387
622,83.3712934409438,22.158681154059973
623,83.18202287381519,21.57296725306568
624,85.09543371112584,22.844074953035804
625,85.65460055301409,20.643492190629843
626,85.92646465020049,27.33388109250499
627,79.41754020079992,26.0473583955732
628,88.43747317892522,21.613005147664623
629,89.68320268314557,26.173253226224926
630,83.02596680387646,24.843846582558424
631,86.56331535506082,25.212815095954753
632,86.50851677884984,22.422113939377773
633,85.47421030730102,21.041599408666055
634,84.68856702822364,22.46905860389859
635,82.94051616074866,28.461060890589224
636,88.05566833766396,26.705586738540095
637,81.94152425891679,24.114056340854553
638,88.39667355994172,25.396807358191733
639,91.49412271194875,26.101289950304242
640,85.5377375261721,24.134473900232997
641,85.37391453339039,24.573084458134478
642,86.98270429472805,27.678766487024834
643,82.79922951057775,21.272547730038223
644,79.85862495531077,26.422375715355123
645,81.91057350271315,18.97190633973305
646,86.0880200926867,31.980398648811814
647,84.9830014476883,27.347774168464596
648,85.22912220393319,24.7231089710648
649,87.57341415236576,24.187231276271778
650,85.74869847940133,25.90075385734884
651,83.12934672979947,27.777718578702263
652,84.51011268125285,22.883913553420037
653,86.50222756199713,22.484289650985097
654,85.07890724063355,24.97446680939623
655,88.04050758432842,26.329155052063868
656,84.92992451551359,27.289745637760802
657,88.89258113724847,26.561868857785214
658,85.02898733556147,21.326858549419555
659,82.01768174338896,24.145370827806932
660,83.29336583395401,24.476480351640753
661,85.1586197897119,26.483139712198845
662,84.80260342143454,26.362204602713366
663,85.18052836146833,19.468693614209162
664,82.36986089730749,24.596554843979476
665,81.6128547200449,26.67980044398937
666,89.28610233056236,28.412533184752487
667,84.40235996139542,29.174033183179866
668,85.41626888016592,24.05615928086949
669,83.28247254208537,24.15308487783324
670,83.91310490808456,25.477165422651364
671,85.44960714693963,25.00852885642956
672,86.22342687528977,28.333809569401755
673,87.65875157923571,20.84228568834027
674,77.84902082227453,27.616095751469967
675,81.17273964443682,24.370656874700487
676,81.7236835270338,19.954454774775947
677,86.51609563897341,27.12563444884741
678,83.38577087796519,17.745081581994253
679,83.47051554489305,26.09705121512713
680,80.85904760743244,25.513407775381637
681,84.95713242231561,26.62201619888305
682,85.33482503155963,22.275406965531644
683,88.35040020466057,24.556117195524482
684,84.9235472893722,22.38684971459505
685,83.75880969666377,22.522552400724678
686,84.51575103221441,29.792783744398562
687,81.1586767997922,20.482028085945124
688,89.1192769169821,24.413893703974775
689,83.12659633175224,27.911733124709013
690,83.30427648873678,30.11282719793142
691,86.89819243974995,23.633848057192033
692,91.04046299714341,23.303998215590653
693,87.07786704162606,25.838019225138176
694,88.64487561031663,29.372231350835186
695,85.08961161738415,22.890429963030687
696,86.28792200022953,23.1023969646941
697,90.63748429307455,25.382298927031666
698,83.97709965632609,25.517104856421742
699,81.22804638931684,22.279480692170175
700,88.36115894224439,23.160696018880092
701,82.06864924849057,26.5026277070764
702,88.3199716330564,27.013069269862186
703,87.78893352025628,22.88097375200551
704,81.01893013312284,29.203734225475362
705,84.09649645124202,24.297667553925866
706,88.71894359717736,26.557444026321846
707,86.2764857618285,31.062006565723035
708,83.1981489549356,27.597952358627463
709,85.15963674971184,25.752058380817118
710,89.27971159395508,26.421940117610948
711,86.50722902133897,28.003020544467446
712,83.97813235727992,22.65021293145078
713,82.0745342567411,19.494201549747196
714,90.7573799638329,21.91101657597929
715,84.38048985395984,24.22492276031102
716,85.86073875386548,27.28406419511003
717,87.40932576740728,23.367383172006974
718,84.53205920139804,25.79122386136724
719,84.30366484668606,29.500567612855978
720,86.37472986458711,27.057657800939488
721,86.85606755226875,28.28572680095891
722,85.50686036437038,21.36887054572363
723,86.1191262649074,23.17620069738288
724,83.51987329110068,26.64181925251426
725,88.46719260001419,25.05956041486097
726,85.8647324352771,29.766201844978667
727,85.674108902568,32.284712719705105
728,86.58342700776832,20.06986427436371
729,87.10935653909269,26.067243477671777
730,88.61130771143169,26.88490778355588
731,84.61232324484543,21.571964938389776
732,84.41473487959912,22.61854272821396
733,83.37453434054677,26.648019532377706
734,89.67573261218394,26.105080283504346
735,81.65152742630148,26.244887471016394
736,88.35056816260783,23.29260786790573
737,84.62475193331584,25.041126945241754
738,82.80228472336972,26.815185214762806
739,84.6613451838982,26.17469084293968
740,82.51502190215412,23.775116759094452
741,87.02266780191776,23.95606717414305
742,89.83549878345353,23.881018680279112
743,85.62911723210529,27.61125432924465
744,81.02857594778752,20.069735326453827
745,80.72816231920373,28.53523548959611
746,83.45479719150114,32.162957999871104
747,83.42010672375932,25.516743648951703
748,89.31790786719006,30.617060086845544
749,90.77221001458192,28.383425445660798
750,87.8673750722721,26.65907545776331
751,87.17941101326659,23.45667999428011
752,82.70904312641754,24.990551519249333
753,84.5234830569302,23.73096146188363
754,86.9498848528788,27.67485458399743
755,85.24753928161718,29.137084226954734
756,81.80327048042619,24.45775351401679
757,82.99289750231215,19.773697472195433
758,84.76849407964045,24.659106976526807
759,89.23765928107797,26.766272716753377
760,82.13227689187822,30.191459185735727
761,88.41889434747098,26.629873569712124
762,84.36584452322047,22.313570137174256
763,83.95782102700105,28.04849613517172
764,90.27684165661691,29.32108187916213
765,83.63122161899844,21.865071186790768
766,85.39448149135137,20.048369776424018
767,85.90486959971739,24.586712758363728
768,83.69509779476893,20.534831411652974
769,86.4380802983952,23.508437648946646
770,81.7242328600112,16.957665802811384
771,84.92295826585821,29.962304470675285
772,89.65152580073403,23.72013048155844
773,83.31380623098701,26.312567917010067
774,82.20452077027278,25.845017319494506
775,87.14502477947713,28.435413026876063
776,84.71956858585614,24.429713499504494
777,82.54164875708163,22.684735008688392
778,84.36585910267573,26.0286234190853
779,87.5580369534531,22.751098938095033
780,89.17952799308667,24.24085391708081
781,84.94017157582438,22.907807298386096
782,78.21212727123576,27.47532710981094
783,87.06316291185881,24.212282840069
784,85.18757400822965,26.444629809571477
785,80.62487160071768,23.518652503430374
786,87.22394110294111,21.487989615126104
787,85.82196221006656,21.201570947054467
788,86.30600395081387,24.900203849567045
789,80.47763091546457,28.26127019248008
790,82.94314358496547,22.731293176359735
791,85.56159375224664,28.2161845784004
792,82.1556989068605,25.17270357957432
793,86.2006862009256,26.940695700336803
794,85.49403635477623,23.972322050566696
795,82.68274738218358,25.24120287252985
796,81.9980107664403,16.8202186462151
797,86.22236745164147,27.531017555041345
798,78.38378918048285,22.172754026812175
799,86.73363193081455,30.760987315192757
800,85.05822238149115,22.961591764558424
801,84.48788996490644,28.849653973614917
802,83.1913002984513,22.76226238137929
803,83.64831813789031,22.330679896875605
804,85.34347688478543,29.54909968371477
805,85.90462196472488,24.293410194046395
806,84.18292844703647,20.623065735649362
807,87.47270737601204,24.782055848364156
808,84.49465624194625,33.94070118996561
809,85.83650814342393,22.894985059733486
810,83.80619873062447,28.215647985750913
811,85.31715714950575,20.972821660711375
812,87.57384101681058,23.12919656049082
813,90.24523377340913,28.024134584001015
814,83.7474986921555,28.586845812858314
815,85.18999542947672,27.387766290342213
816,86.35725188842453,22.630201366025553
817,83.1980604695111,27.883890289227253
818,84.06262907010168,23.869784302922408
819,82.3256567778218,26.18607738366169
820,90.7750697738808,22.010907840088038
821,85.06781447868373,28.9542175551632
822,84.777004104512,26.266641029499255
823,82.02529812118874,26.199259872181415
824,84.47599605798726,27.760043987903614
825,88.3246809443813,32.25077819765212
826,86.622972884998,25.912229686430067
827,85.54427604441653,24.011134380130073
828,85.94775476169274,24.172876051610718
829,85.47169073355492,28.689273099702287
830,82.181680817217,28.19165997116133
831,88.68792218855162,24.66940812442498
832,79.05880628277593,23.29809843613559
833,88.6315847303711,24.93596942556313
834,82.20195374957424,23.58663022056099
835,87.35373607421275,26.530853990963863
836,84.33099012232486,23.972891646918875
837,83.9030771826773,22.417251483404193
838,89.52305193051444,24.097502686208248
839,88.40804385831139,29.259684945382865
840,87.79527051481429,23.791463124389466
841,86.13044425294251,24.932252302105436
842,82.46963478995565,25.908205988820487
843,81.69868858475256,28.325502287692377
844,83.6990715675645,25.56324703644395
845,85.7932060403292,24.275066073628583
846,86.64274264413076,23.670269761456932
847,87.43963243288029,21.231256895309105
848,85.35386282272995,30.4290011973632
849,82.19907229110439,23.102314082530416
850,86.43894197904496,25.502828989430874
851,85.98176427796596,26.369723964413456
852,86.77722011197295,28.107159557477424
853,86.14749223939984,24.32447856706808
854,86.88320636336765,30.319669417706603
855,84.6286255101288,22.271317946922203
856,88.09982587400353,24.662932740929925
857,78.9165252711607,27.37278069602118
858,83.50108107932901,24.74650680954835
859,85.92954492559323,25.533399103381385
860,86.98646508798932,23.78063816240444
861,86.43669623489303,24.273269302765033
862,87.06866934648501,26.72302895523655
863,82.38077163427513,28.04074992529009
864,83.49930235368066,27.262561835187206
865,86.02840447752375,30.146914295026342
866,84.37429524935881,24.021912970869046
867,84.94562510351435,24.15109660806403
868,87.23983732543773,20.474330296377552
869,82.04968922639021,22.010151819578258
870,87.66086125752601,29.789717443229392
871,84.70754218809508,24.52729917506797
872,85.19614605671691,28.253259247302932
873,82.40341122426639,25.6674331516574
874,87.7305533633908,26.403063675831568
875,85.53082852647648,27.802929059187996
876,77.43094957960214,26.89805089468654
877,83.16858808724321,19.874227888801922
878,86.43136727866995,28.84624392645628
879,84.61514415904246,27.668048732168227
880,89.51437912236821,28.681760470035332
881,89.5919006822399,27.0779569750013
882,85.21121418892446,20.51449572668793
883,84.31102503323615,22.638909533114663
884,91.07863960899388,24.507519725189457
885,85.34497345899656,26.544159052913308
886,85.12208684984287,29.746142913206107
887,83.25658178714353,25.54490087466428
888,82.92108236004546,21.303936968582025
889,83.2870465454652,24.896296968264448
890,83.79795377135167,23.061221256353203
891,81.06231110171886,24.767304396639656
892,80.7867829527132,27.128156698330887
893,85.23083130821661,20.918855801498196
894,84.13421458426038,22.89396206434637
895,85.89368862917371,28.753261248864803
896,79.74951708499192,25.322073021612766
897,84.5516281724134,26.879752214061305
898,85.59695055906553,22.894485871131305
899,84.10664898013347,22.77112760095023
900,88.01281998807607,25.05967261628144
901,49.35465803401187,70.22587660316643
902,99.28168389990704,13.148911989798162
903,27.47315255195195,39.45760755976464
904,42.18281785388314,41.102107526554576
905,90.76110025565549,71.40326444668564
906,60.79052140907037,30.93727178627821
907,82.37903842212947,95.5060511484989
908,82.11982825502265,0.15651051914729042
909,63.6401370183407,5.1135381442100725
910,25.760722033372186,5.952470034777169
911,60.37954529493877,68.65899134926067
912,11.448763806590511,38.38388830449795
913,45.6236508955542,36.90530217609166
914,12.102500048519305,41.89477901874754
915,75.11780478084181,7.100766453325546
916,8.018001408190345,35.47712918359842
917,94.1725711618925,66.85726467229141
918,67.86699566725648,36.1919990837865
919,59.36607912085384,1.0131184027743378
920,63.60960464095422,91.32869475762368
921,61.25734683448192,87.3698593466345
922,72.39730554660937,12.055841640369025
923,90.24533072858418,6.644384435577488
924,53.39674725477638,14.213712379345766
925,1.1706610730904066,42.2034260127639
926,29.504070765415623,48.6000493797603
927,57.71998867345508,4.373907230894735
928,12.300329512374564,55.86423964504254
929,34.316735317265824,72.9173487549448
930,65.22916485919397,84.56043629899068
931,69.24928266692253,42.99310773901481
932,67.29666223944324,27.538117425541852
933,30.63134987782127,78.89851599207933
934,44.64195164015822,79.83803405183525
935,82.24223736682784,85.75623376612837
936,91.66352358412072,43.098522051329624
937,31.886681832113883,58.21987465941139
938,37.117242343762754,60.1074166800233
939,70.55858626438246,68.84050184921368
940,37.45528870201213,16.68602016987528
941,43.05293384622075,14.259414408190874
942,89.00970351838083,34.58774607378574
943,15.445974722332378,2.5447759905750877
944,64.58223862864843,63.69023174547432
945,34.060416658129164,7.171188884765101
946,40.9628894895232,31.12174950633936
947,67.71206397350093,60.57792494526903
948,36.459372819754,21.78925542549901
949,98.80359661555919,45.40016211961149
950,68.82742357802371,14.055296757836079
951,48.55896996593978,2.7536719869465487
952,50.545511791044994,96.40174071177023
953,38.420671298580025,3.8996012574911587
954,3.095579091934353,38.798675994686946
955,16.002493646319405,2.335209632818591
956,75.62136139501769,45.85230088818907
957,28.924477197265453,90.00831830164807
958,11.613896020052561,95.59188289553192
959,31.396671737735282,88.84036723086813
960,60.294287647946156,82.67073597414874
961,98.40131632104642,28.840543781874572
962,96.1135485407593,38.94818949024204
963,38.55119047369223,34.03871042545057
964,54.14076073475852,15.41450431784871
965,55.37114853580112,54.1704812410004
966,76.190181260487,83.36499619375856
967,44.044135031242405,30.233324935149376
968,25.933489731709447,19.462383670487192
969,5.764758219902488,34.244797883471335
970,27.024769213078326,96.64173858664074
971,55.77088262500439,34.72770390305075
972,58.0467600993696,13.91967013456955
973,44.40437492022029,62.62343214210638
974,48.889783179245136,40.177880065432426
975,99.38483888996981,88.0314762148927
976,62.34059581594401,56.93773611822828
977,62.06604798245841,20.131210782243325
978,39.51377432643186,3.945953289089932
979,47.554603748682666,54.302458395766315
980,22.77497361032096,96.40288471655137
981,90.9454610937242,72.21432354559059
982,53.33866287653626,86.99691596476849
983,13.065234382346292,79.0509794274885
984,12.48208139668483,79.42106625494054
985,27.576756825135696,87.7090581018189
986,94.40420938253979,14.879596940511563
987,46.267560506539354,98.09873781626851
988,48.34074359731466,86.35475225145451
989,58.87315221313199,37.53299079196019
990,28.57835555258702,20.322309108608728
991,76.17981913776973,38.65405068230279
992,51.12754622007512,49.23254800011819
993,57.727902923313124,86.55771456245522
994,98.07393435834294,40.758420857381694
995,82.7518922106303,76.45277946547176
996,57.352895145557326,95.60471436119332
997,20.04745155284028,10.92642103096214
998,85.39619669554222,43.91498166337483
999,84.69688542070605,89.30902051954149
1000,6.245759361907144,88.34647629860606
